{"train_loss": [1.1642464369697856, 0.9373747342613802, 0.8913299538783871, 0.8662121370231748, 0.8491660363830078, 0.8369361259225928, 0.8276328248776272, 0.8198173999461555, 0.8135683663615738, 0.8081364041290751], "val_loss": [0.9627314627897449, 0.9020880722418064, 0.8706913663119804, 0.8559556243623175, 0.84352725199083, 0.8350955960227222, 0.8280221983426954, 0.8243795349830534, 0.8213025778532028, 0.8188587507096733]}